Zip,Neigh,CSA,MHINC,TotalCOVIDCases
21201,Downtown,Downtown/Seton Hill,57516.7,311.0
21201,Seton Hill,Downtown/Seton Hill,57516.7,311.0
21201,University of Maryland,Downtown/Seton Hill,57516.7,311.0
21201,Downtown West,Inner Harbor/Federal Hill,100932.2,311.0
21201,Federal Hill,Inner Harbor/Federal Hill,100932.2,311.0
21201,Inner Harbor,Inner Harbor/Federal Hill,100932.2,311.0
21201,Otterbein,Inner Harbor/Federal Hill,100932.2,311.0
21201,Ridgely's Delight,Inner Harbor/Federal Hill,100932.2,311.0
21201,Riverside,Inner Harbor/Federal Hill,100932.2,311.0
21201,Sharp-Leadenhall,Inner Harbor/Federal Hill,100932.2,311.0
21201,South Baltimore,Inner Harbor/Federal Hill,100932.2,311.0
21201,Stadium Area,Inner Harbor/Federal Hill,100932.2,311.0
21201,Bolton Hill,Midtown,52477.2,311.0
21201,Charles North,Midtown,52477.2,311.0
21201,Greenmount West,Midtown,52477.2,311.0
21201,Mid-Town Belvedere,Midtown,52477.2,311.0
21201,Mount Vernon,Midtown,52477.2,311.0
21201,Hollins Market,Poppleton/The Terraces/Hollins Market,20365.8,311.0
21201,Poppleton,Poppleton/The Terraces/Hollins Market,20365.8,311.0
21201,Druid Heights,Upton/Druid Heights,21359.0,311.0
21201,Heritage Crossing,Upton/Druid Heights,21359.0,311.0
21201,Madison Park,Upton/Druid Heights,21359.0,311.0
21201,Upton,Upton/Druid Heights,21359.0,311.0
21201,Barre Circle,Washington Village/Pigtown,48273.2,311.0
21201,Caroll-Camden Industrial Area,Washington Village/Pigtown,48273.2,311.0
21201,Carroll Park,Washington Village/Pigtown,48273.2,311.0
21201,Washington Village/Pigtown,Washington Village/Pigtown,48273.2,311.0
21202,Greenmount Cemetery,Greenmount East,27320.2,611.0
21202,Johnston Square,Greenmount East,27320.2,611.0
21202,Oliver,Greenmount East,27320.2,611.0
21202,Jonestown,Harbor East/Little Italy,44087.0,611.0
21202,Little Italy,Harbor East/Little Italy,44087.0,611.0
21202,Perkins Homes,Harbor East/Little Italy,44087.0,611.0
21202,Washington Hill,Harbor East/Little Italy,44087.0,611.0
21202,Downtown West,Inner Harbor/Federal Hill,100932.2,611.0
21202,Federal Hill,Inner Harbor/Federal Hill,100932.2,611.0
21202,Inner Harbor,Inner Harbor/Federal Hill,100932.2,611.0
21202,Otterbein,Inner Harbor/Federal Hill,100932.2,611.0
21202,Ridgely's Delight,Inner Harbor/Federal Hill,100932.2,611.0
21202,Riverside,Inner Harbor/Federal Hill,100932.2,611.0
21202,Sharp-Leadenhall,Inner Harbor/Federal Hill,100932.2,611.0
21202,South Baltimore,Inner Harbor/Federal Hill,100932.2,611.0
21202,Stadium Area,Inner Harbor/Federal Hill,100932.2,611.0
21202,Bolton Hill,Midtown,52477.2,611.0
21202,Charles North,Midtown,52477.2,611.0
21202,Greenmount West,Midtown,52477.2,611.0
21202,Mid-Town Belvedere,Midtown,52477.2,611.0
21202,Mount Vernon,Midtown,52477.2,611.0
21202,CARE,Oldtown/Middle East,19374.1,611.0
21202,Dunbar-Broadway,Oldtown/Middle East,19374.1,611.0
21202,Gay Street,Oldtown/Middle East,19374.1,611.0
21202,Middle East,Oldtown/Middle East,19374.1,611.0
21202,Oldtown,Oldtown/Middle East,19374.1,611.0
21202,Penn-Fallsway,Oldtown/Middle East,19374.1,611.0
21202,Pleasant View Gardens,Oldtown/Middle East,19374.1,611.0
21202,Pleasant View Gardens,Orangeville/E. Highlandtown,19374.1,611.0
21205,Armistead Gardens,Claremont/Armistead,34885.4,533.0
21205,Orchard Ridge,Claremont/Armistead,34885.4,533.0
21205,Greenmount Cemetery,Greenmount East,27320.2,533.0
21205,Johnston Square,Greenmount East,27320.2,533.0
21205,Oliver,Greenmount East,27320.2,533.0
21205,Madison-Eastend,Madison/East End,33528.7,533.0
21205,McElderry Park,Madison/East End,33528.7,533.0
21205,Milton-Montford,Madison/East End,33528.7,533.0
21205,CARE,Oldtown/Middle East,19374.1,533.0
21205,Dunbar-Broadway,Oldtown/Middle East,19374.1,533.0
21205,Gay Street,Oldtown/Middle East,19374.1,533.0
21205,Middle East,Oldtown/Middle East,19374.1,533.0
21205,Oldtown,Oldtown/Middle East,19374.1,533.0
21205,Penn-Fallsway,Oldtown/Middle East,19374.1,533.0
21205,Pleasant View Gardens,Oldtown/Middle East,19374.1,533.0
21206,Cedmont,Cedonia/Frankford,44159.5,1424.0
21206,Cedonia,Cedonia/Frankford,44159.5,1424.0
21206,Frankford,Cedonia/Frankford,44159.5,1424.0
21206,Parkside,Cedonia/Frankford,44159.5,1424.0
21206,Armistead Gardens,Claremont/Armistead,34885.4,1424.0
21206,Orchard Ridge,Claremont/Armistead,34885.4,1424.0
21206,Glenham-Belford,Hamilton,71690.9,1424.0
21206,Rosemont East,Hamilton,71690.9,1424.0
21206,Westfield,Hamilton,71690.9,1424.0
21206,Harford-Echodale/Perring Parkway,Harford/Echodale,56655.8,1424.0
21206,North Harford Road,Harford/Echodale,56655.8,1424.0
21206,Overlea,Harford/Echodale,56655.8,1424.0
21206,Taylor Heights,Harford/Echodale,56655.8,1424.0
21206,Arcadia,Lauraville,69536.6,1424.0
21206,Belair-Parkside,Lauraville,69536.6,1424.0
21206,Beverly Hills,Lauraville,69536.6,1424.0
21206,Lauraville,Lauraville,69536.6,1424.0
21206,Moravia-Walther,Lauraville,69536.6,1424.0
21206,Morgan Park,Lauraville,69536.6,1424.0
21206,Waltherson,Lauraville,69536.6,1424.0
21207,Dickeyville,Dickeyville/Franklintown,37847.5,1279.0
21207,Franklintown,Dickeyville/Franklintown,37847.5,1279.0
21207,Purnell,Dickeyville/Franklintown,37847.5,1279.0
21207,Wakefield,Dickeyville/Franklintown,37847.5,1279.0
21207,Concerned Citizens Of Forest Park,Forest Park/Walbrook,44764.3,1279.0
21207,Fairmont,Forest Park/Walbrook,44764.3,1279.0
21207,Forest Park,Forest Park/Walbrook,44764.3,1279.0
21207,Garwyn Oaks,Forest Park/Walbrook,44764.3,1279.0
21207,Mount Holly,Forest Park/Walbrook,44764.3,1279.0
21207,West Forest Park,Forest Park/Walbrook,44764.3,1279.0
21207,Windsor Hills,Forest Park/Walbrook,44764.3,1279.0
21207,Highlandtown,Howard Park/W. Arlington,88324.0,1279.0
21208,South Clifton Park,Cross Country/Cheswolde,31291.1,876.0
21208,Windsor Hills,Glen-Fallstaff,42439.1,876.0
21209,South Clifton Park,Cross Country/Cheswolde,31291.1,339.0
21209,Ashburton,Dorchester/Ashburton,45497.3,339.0
21209,Callaway-Garrison,Dorchester/Ashburton,45497.3,339.0
21209,Central Forest Park,Dorchester/Ashburton,45497.3,339.0
21209,Dolfield,Dorchester/Ashburton,45497.3,339.0
21209,Dorchester,Dorchester/Ashburton,45497.3,339.0
21209,East Arlington,Dorchester/Ashburton,45497.3,339.0
21209,Cross Keys,Greater Roland Park/Poplar Hill,117951.4,339.0
21209,Evergreen,Greater Roland Park/Poplar Hill,117951.4,339.0
21209,Keswick,Greater Roland Park/Poplar Hill,117951.4,339.0
21209,North Roland Park/Poplar Hill,Greater Roland Park/Poplar Hill,117951.4,339.0
21209,Roland Park,Greater Roland Park/Poplar Hill,117951.4,339.0
21209,Wyndhurst,Greater Roland Park/Poplar Hill,117951.4,339.0
21209,Hampden,Medfield/Hampden/Woodberry/Remington,68526.0,339.0
21209,Hoes Heights,Medfield/Hampden/Woodberry/Remington,68526.0,339.0
21209,Jones Falls Area,Medfield/Hampden/Woodberry/Remington,68526.0,339.0
21209,Medfield,Medfield/Hampden/Woodberry/Remington,68526.0,339.0
21209,Remington,Medfield/Hampden/Woodberry/Remington,68526.0,339.0
21209,Woodberry,Medfield/Hampden/Woodberry/Remington,68526.0,339.0
21209,Wyman Park,Medfield/Hampden/Woodberry/Remington,68526.0,339.0
21209,Coldspring,Mt. Washington/Coldspring,84848.1,339.0
21209,Mt. Washington,Mt. Washington/Coldspring,84848.1,339.0
21209,Sabina-Mattfeldt,Mt. Washington/Coldspring,84848.1,339.0
21209,Arlington,Pimlico/Arlington/Hilltop,32189.6,339.0
21209,Central Park Heights,Pimlico/Arlington/Hilltop,32189.6,339.0
21209,Cylburn,Pimlico/Arlington/Hilltop,32189.6,339.0
21209,Langston Hughes,Pimlico/Arlington/Hilltop,32189.6,339.0
21209,Levindale,Pimlico/Arlington/Hilltop,32189.6,339.0
21209,Pimlico Good Neighbors,Pimlico/Arlington/Hilltop,32189.6,339.0
21210,Cross Keys,Greater Roland Park/Poplar Hill,117951.4,66.0
21210,Evergreen,Greater Roland Park/Poplar Hill,117951.4,66.0
21210,Keswick,Greater Roland Park/Poplar Hill,117951.4,66.0
21210,North Roland Park/Poplar Hill,Greater Roland Park/Poplar Hill,117951.4,66.0
21210,Roland Park,Greater Roland Park/Poplar Hill,117951.4,66.0
21210,Wyndhurst,Greater Roland Park/Poplar Hill,117951.4,66.0
21210,Hampden,Medfield/Hampden/Woodberry/Remington,68526.0,66.0
21210,Hoes Heights,Medfield/Hampden/Woodberry/Remington,68526.0,66.0
21210,Jones Falls Area,Medfield/Hampden/Woodberry/Remington,68526.0,66.0
21210,Medfield,Medfield/Hampden/Woodberry/Remington,68526.0,66.0
21210,Remington,Medfield/Hampden/Woodberry/Remington,68526.0,66.0
21210,Woodberry,Medfield/Hampden/Woodberry/Remington,68526.0,66.0
21210,Wyman Park,Medfield/Hampden/Woodberry/Remington,68526.0,66.0
21210,Sabina-Mattfeldt,N. Baltimore/Guilford/Homeland,84848.1,66.0
21211,Abell,Greater Charles Village/Barclay,42852.5,191.0
21211,Barclay,Greater Charles Village/Barclay,42852.5,191.0
21211,Charles Village,Greater Charles Village/Barclay,42852.5,191.0
21211,Harwood,Greater Charles Village/Barclay,42852.5,191.0
21211,Johns Hopkins Homewood,Greater Charles Village/Barclay,42852.5,191.0
21211,Oakenshawe,Greater Charles Village/Barclay,42852.5,191.0
21211,Old Goucher,Greater Charles Village/Barclay,42852.5,191.0
21211,Hampden,Medfield/Hampden/Woodberry/Remington,68526.0,191.0
21211,Hoes Heights,Medfield/Hampden/Woodberry/Remington,68526.0,191.0
21211,Jones Falls Area,Medfield/Hampden/Woodberry/Remington,68526.0,191.0
21211,Medfield,Medfield/Hampden/Woodberry/Remington,68526.0,191.0
21211,Remington,Medfield/Hampden/Woodberry/Remington,68526.0,191.0
21211,Woodberry,Medfield/Hampden/Woodberry/Remington,68526.0,191.0
21211,Wyman Park,Medfield/Hampden/Woodberry/Remington,68526.0,191.0
21211,Greenspring,Southern Park Heights,24824.1,191.0
21211,Lucille Park,Southern Park Heights,24824.1,191.0
21211,Park Circle,Southern Park Heights,24824.1,191.0
21211,Parklane,Southern Park Heights,24824.1,191.0
21211,Towanda-Grantley,Southern Park Heights,24824.1,191.0
21212,Belvedere,Chinquapin Park/Belvedere,55713.7,559.0
21212,Cameron Village,Chinquapin Park/Belvedere,55713.7,559.0
21212,Chinquapin Park,Chinquapin Park/Belvedere,55713.7,559.0
21212,Evesham Park,Chinquapin Park/Belvedere,55713.7,559.0
21212,Lake Walker,Chinquapin Park/Belvedere,55713.7,559.0
21212,Mid-Govans,Chinquapin Park/Belvedere,55713.7,559.0
21212,Kenilworth Park,Greater Govans,42666.8,559.0
21212,Pen Lucy,Greater Govans,42666.8,559.0
21212,Richnor Springs,Greater Govans,42666.8,559.0
21212,Wilson Park,Greater Govans,42666.8,559.0
21212,Winston-Govans,Greater Govans,42666.8,559.0
21212,Woodbourne-McCabe,Greater Govans,42666.8,559.0
21212,Wrenlane,Greater Govans,42666.8,559.0
21212,Sabina-Mattfeldt,N. Baltimore/Guilford/Homeland,84848.1,559.0
21213,Belair-Edison,Belair-Edison,42633.6,800.0
21213,Clifton Park,Belair-Edison,42633.6,800.0
21213,Four By Four,Belair-Edison,42633.6,800.0
21213,Herring Run Park,Belair-Edison,42633.6,800.0
21213,Mayfield,Belair-Edison,42633.6,800.0
21213,Armistead Gardens,Claremont/Armistead,34885.4,800.0
21213,Orchard Ridge,Claremont/Armistead,34885.4,800.0
21213,Berea,Clifton-Berea,31291.1,800.0
21213,Biddle Street,Clifton-Berea,31291.1,800.0
21213,Broadway East,Clifton-Berea,31291.1,800.0
21213,Darley Park,Clifton-Berea,31291.1,800.0
21213,South Clifton Park,Clifton-Berea,31291.1,800.0
21213,Greenmount Cemetery,Greenmount East,27320.2,800.0
21213,Johnston Square,Greenmount East,27320.2,800.0
21213,Oliver,Greenmount East,27320.2,800.0
21214,Glenham-Belford,Hamilton,71690.9,406.0
21214,Rosemont East,Hamilton,71690.9,406.0
21214,Westfield,Hamilton,71690.9,406.0
21214,Harford-Echodale/Perring Parkway,Harford/Echodale,56655.8,406.0
21214,North Harford Road,Harford/Echodale,56655.8,406.0
21214,Overlea,Harford/Echodale,56655.8,406.0
21214,Taylor Heights,Harford/Echodale,56655.8,406.0
21214,Brewers Hill,Highlandtown,88324.0,406.0
21214,Highlandtown,Highlandtown,88324.0,406.0
21214,Arcadia,Lauraville,69536.6,406.0
21214,Belair-Parkside,Lauraville,69536.6,406.0
21214,Beverly Hills,Lauraville,69536.6,406.0
21214,Lauraville,Lauraville,69536.6,406.0
21214,Moravia-Walther,Lauraville,69536.6,406.0
21214,Morgan Park,Lauraville,69536.6,406.0
21214,Waltherson,Lauraville,69536.6,406.0
21214,Hillen,Northwood,56197.2,406.0
21214,Montebello,Northwood,56197.2,406.0
21214,Morgan State University,Northwood,56197.2,406.0
21214,New Northwood,Northwood,56197.2,406.0
21214,Original Northwood,Northwood,56197.2,406.0
21214,Perring Loch,Northwood,56197.2,406.0
21214,Stonewood-Pentwood-Winston,Northwood,56197.2,406.0
21215,South Clifton Park,Cross Country/Cheswolde,31291.1,1521.0
21215,Cheswolde,Cross-Country/Cheswolde,55673.6,1521.0
21215,Cross Country,Cross-Country/Cheswolde,55673.6,1521.0
21215,Ashburton,Dorchester/Ashburton,45497.3,1521.0
21215,Callaway-Garrison,Dorchester/Ashburton,45497.3,1521.0
21215,Central Forest Park,Dorchester/Ashburton,45497.3,1521.0
21215,Dolfield,Dorchester/Ashburton,45497.3,1521.0
21215,Dorchester,Dorchester/Ashburton,45497.3,1521.0
21215,East Arlington,Dorchester/Ashburton,45497.3,1521.0
21215,Windsor Hills,Glen-Fallstaff,42439.1,1521.0
21215,Fallstaff,Glen-Falstaff,42439.1,1521.0
21215,Glen,Glen-Falstaff,42439.1,1521.0
21215,Reisterstown Station,Glen-Falstaff,42439.1,1521.0
21215,Woodmere,Glen-Falstaff,42439.1,1521.0
21215,Burleith-Leighton,Greater Mondawmin,36968.8,1521.0
21215,Hanlon-Longwood,Greater Mondawmin,36968.8,1521.0
21215,Liberty Square,Greater Mondawmin,36968.8,1521.0
21215,Mondawmin,Greater Mondawmin,36968.8,1521.0
21215,Panway/Braddish Avenue,Greater Mondawmin,36968.8,1521.0
21215,Walbrook,Greater Mondawmin,36968.8,1521.0
21215,Highlandtown,Howard Park/W. Arlington,88324.0,1521.0
21215,Forest Park Golf Course,Howard Park/West Arlington,54999.5,1521.0
21215,Grove Park,Howard Park/West Arlington,54999.5,1521.0
21215,Howard Park,Howard Park/West Arlington,54999.5,1521.0
21215,Seton Business Park,Howard Park/West Arlington,54999.5,1521.0
21215,West Arlington,Howard Park/West Arlington,54999.5,1521.0
21215,Druid Hill Park,Penn North/Reservoir Hill,35011.5,1521.0
21215,Parkview/Woodbrook,Penn North/Reservoir Hill,35011.5,1521.0
21215,Penn North,Penn North/Reservoir Hill,35011.5,1521.0
21215,Reservoir Hill,Penn North/Reservoir Hill,35011.5,1521.0
21215,Arlington,Pimlico/Arlington/Hilltop,32189.6,1521.0
21215,Central Park Heights,Pimlico/Arlington/Hilltop,32189.6,1521.0
21215,Cylburn,Pimlico/Arlington/Hilltop,32189.6,1521.0
21215,Langston Hughes,Pimlico/Arlington/Hilltop,32189.6,1521.0
21215,Levindale,Pimlico/Arlington/Hilltop,32189.6,1521.0
21215,Pimlico Good Neighbors,Pimlico/Arlington/Hilltop,32189.6,1521.0
21215,Greenspring,Southern Park Heights,24824.1,1521.0
21215,Lucille Park,Southern Park Heights,24824.1,1521.0
21215,Park Circle,Southern Park Heights,24824.1,1521.0
21215,Parklane,Southern Park Heights,24824.1,1521.0
21215,Towanda-Grantley,Southern Park Heights,24824.1,1521.0
21216,Concerned Citizens Of Forest Park,Forest Park/Walbrook,44764.3,661.0
21216,Fairmont,Forest Park/Walbrook,44764.3,661.0
21216,Forest Park,Forest Park/Walbrook,44764.3,661.0
21216,Garwyn Oaks,Forest Park/Walbrook,44764.3,661.0
21216,Mount Holly,Forest Park/Walbrook,44764.3,661.0
21216,West Forest Park,Forest Park/Walbrook,44764.3,661.0
21216,Windsor Hills,Forest Park/Walbrook,44764.3,661.0
21216,Burleith-Leighton,Greater Mondawmin,36968.8,661.0
21216,Hanlon-Longwood,Greater Mondawmin,36968.8,661.0
21216,Liberty Square,Greater Mondawmin,36968.8,661.0
21216,Mondawmin,Greater Mondawmin,36968.8,661.0
21216,Panway/Braddish Avenue,Greater Mondawmin,36968.8,661.0
21216,Walbrook,Greater Mondawmin,36968.8,661.0
21216,Bridgeview/Greenlawn,Greater Rosemont,36379.8,661.0
21216,Coppin Heights/Ash-Co-East,Greater Rosemont,36379.8,661.0
21216,Evergreen Lawn,Greater Rosemont,36379.8,661.0
21216,Franklintown Road,Greater Rosemont,36379.8,661.0
21216,Mosher,Greater Rosemont,36379.8,661.0
21216,Northwest Community Action,Greater Rosemont,36379.8,661.0
21216,Rosemont,Greater Rosemont,36379.8,661.0
21216,Rosemont Homewoners/Tenants,Greater Rosemont,36379.8,661.0
21216,Winchester,Greater Rosemont,36379.8,661.0
21217,Burleith-Leighton,Greater Mondawmin,36968.8,639.0
21217,Hanlon-Longwood,Greater Mondawmin,36968.8,639.0
21217,Liberty Square,Greater Mondawmin,36968.8,639.0
21217,Mondawmin,Greater Mondawmin,36968.8,639.0
21217,Panway/Braddish Avenue,Greater Mondawmin,36968.8,639.0
21217,Walbrook,Greater Mondawmin,36968.8,639.0
21217,Bridgeview/Greenlawn,Greater Rosemont,36379.8,639.0
21217,Coppin Heights/Ash-Co-East,Greater Rosemont,36379.8,639.0
21217,Evergreen Lawn,Greater Rosemont,36379.8,639.0
21217,Franklintown Road,Greater Rosemont,36379.8,639.0
21217,Mosher,Greater Rosemont,36379.8,639.0
21217,Northwest Community Action,Greater Rosemont,36379.8,639.0
21217,Rosemont,Greater Rosemont,36379.8,639.0
21217,Rosemont Homewoners/Tenants,Greater Rosemont,36379.8,639.0
21217,Winchester,Greater Rosemont,36379.8,639.0
21217,Hampden,Medfield/Hampden/Woodberry/Remington,68526.0,639.0
21217,Hoes Heights,Medfield/Hampden/Woodberry/Remington,68526.0,639.0
21217,Jones Falls Area,Medfield/Hampden/Woodberry/Remington,68526.0,639.0
21217,Medfield,Medfield/Hampden/Woodberry/Remington,68526.0,639.0
21217,Remington,Medfield/Hampden/Woodberry/Remington,68526.0,639.0
21217,Woodberry,Medfield/Hampden/Woodberry/Remington,68526.0,639.0
21217,Wyman Park,Medfield/Hampden/Woodberry/Remington,68526.0,639.0
21217,Bolton Hill,Midtown,52477.2,639.0
21217,Charles North,Midtown,52477.2,639.0
21217,Greenmount West,Midtown,52477.2,639.0
21217,Mid-Town Belvedere,Midtown,52477.2,639.0
21217,Mount Vernon,Midtown,52477.2,639.0
21217,Druid Hill Park,Penn North/Reservoir Hill,35011.5,639.0
21217,Parkview/Woodbrook,Penn North/Reservoir Hill,35011.5,639.0
21217,Penn North,Penn North/Reservoir Hill,35011.5,639.0
21217,Reservoir Hill,Penn North/Reservoir Hill,35011.5,639.0
21217,Easterwood,Sandtown-Winchester/Harlem Park,25972.5,639.0
21217,Harlem Park,Sandtown-Winchester/Harlem Park,25972.5,639.0
21217,Midtown-Edmondson,Sandtown-Winchester/Harlem Park,25972.5,639.0
21217,Sandtown-Winchester,Sandtown-Winchester/Harlem Park,25972.5,639.0
21217,Druid Heights,Upton/Druid Heights,21359.0,639.0
21217,Heritage Crossing,Upton/Druid Heights,21359.0,639.0
21217,Madison Park,Upton/Druid Heights,21359.0,639.0
21217,Upton,Upton/Druid Heights,21359.0,639.0
21218,Belair-Edison,Belair-Edison,42633.6,954.0
21218,Clifton Park,Belair-Edison,42633.6,954.0
21218,Four By Four,Belair-Edison,42633.6,954.0
21218,Herring Run Park,Belair-Edison,42633.6,954.0
21218,Mayfield,Belair-Edison,42633.6,954.0
21218,Abell,Greater Charles Village/Barclay,42852.5,954.0
21218,Barclay,Greater Charles Village/Barclay,42852.5,954.0
21218,Charles Village,Greater Charles Village/Barclay,42852.5,954.0
21218,Harwood,Greater Charles Village/Barclay,42852.5,954.0
21218,Johns Hopkins Homewood,Greater Charles Village/Barclay,42852.5,954.0
21218,Oakenshawe,Greater Charles Village/Barclay,42852.5,954.0
21218,Old Goucher,Greater Charles Village/Barclay,42852.5,954.0
21218,Kenilworth Park,Greater Govans,42666.8,954.0
21218,Pen Lucy,Greater Govans,42666.8,954.0
21218,Richnor Springs,Greater Govans,42666.8,954.0
21218,Wilson Park,Greater Govans,42666.8,954.0
21218,Winston-Govans,Greater Govans,42666.8,954.0
21218,Woodbourne-McCabe,Greater Govans,42666.8,954.0
21218,Wrenlane,Greater Govans,42666.8,954.0
21218,Coldstream Homestead Montebello,Midway/Coldstream,34520.1,954.0
21218,East Baltimore Midway,Midway/Coldstream,34520.1,954.0
21218,Sabina-Mattfeldt,N. Baltimore/Guilford/Homeland,84848.1,954.0
21218,Bellona-Gittings,North Baltimore/Guilford/Homeland,98094.9,954.0
21218,Blythewood,North Baltimore/Guilford/Homeland,98094.9,954.0
21218,Cedarcroft,North Baltimore/Guilford/Homeland,98094.9,954.0
21218,Guilford,North Baltimore/Guilford/Homeland,98094.9,954.0
21218,Homeland,North Baltimore/Guilford/Homeland,98094.9,954.0
21218,Kernewood,North Baltimore/Guilford/Homeland,98094.9,954.0
21218,Lake Evesham,North Baltimore/Guilford/Homeland,98094.9,954.0
21218,Loyola/Notre Dame,North Baltimore/Guilford/Homeland,98094.9,954.0
21218,Radnor-Winston,North Baltimore/Guilford/Homeland,98094.9,954.0
21218,Rosebank,North Baltimore/Guilford/Homeland,98094.9,954.0
21218,The Orchards,North Baltimore/Guilford/Homeland,98094.9,954.0
21218,Tuscany-Canterbury,North Baltimore/Guilford/Homeland,98094.9,954.0
21218,Villages Of Homeland,North Baltimore/Guilford/Homeland,98094.9,954.0
21218,York-Homeland,North Baltimore/Guilford/Homeland,98094.9,954.0
21218,Hillen,Northwood,56197.2,954.0
21218,Montebello,Northwood,56197.2,954.0
21218,Morgan State University,Northwood,56197.2,954.0
21218,New Northwood,Northwood,56197.2,954.0
21218,Original Northwood,Northwood,56197.2,954.0
21218,Perring Loch,Northwood,56197.2,954.0
21218,Stonewood-Pentwood-Winston,Northwood,56197.2,954.0
21218,Better Waverly,The Waverlies,38569.1,954.0
21218,Ednor Gardens-Lakeside,The Waverlies,38569.1,954.0
21218,Waverly,The Waverlies,38569.1,954.0
21222,Canton Industrial Area,Southeastern,36666.3,1440.0
21222,Dundalk Marine Terminal,Southeastern,36666.3,1440.0
21222,Graceland Park,Southeastern,36666.3,1440.0
21222,Holabird Industrial Park,Southeastern,36666.3,1440.0
21222,Medford,Southeastern,36666.3,1440.0
21222,O'Donnell Heights,Southeastern,36666.3,1440.0
21222,Saint Helena,Southeastern,36666.3,1440.0
21222,Spring Garden Industrial Area,Southeastern,36666.3,1440.0
21223,Allendale,Allendale/Irvington/South Hilton,38535.6,600.0
21223,Carroll-South Hilton,Allendale/Irvington/South Hilton,38535.6,600.0
21223,Gwynns Falls,Allendale/Irvington/South Hilton,38535.6,600.0
21223,Irvington,Allendale/Irvington/South Hilton,38535.6,600.0
21223,Lower Edmondson Village,Allendale/Irvington/South Hilton,38535.6,600.0
21223,Saint Josephs,Allendale/Irvington/South Hilton,38535.6,600.0
21223,Uplands,Allendale/Irvington/South Hilton,38535.6,600.0
21223,Yale Heights,Allendale/Irvington/South Hilton,38535.6,600.0
21223,Bridgeview/Greenlawn,Greater Rosemont,36379.8,600.0
21223,Coppin Heights/Ash-Co-East,Greater Rosemont,36379.8,600.0
21223,Evergreen Lawn,Greater Rosemont,36379.8,600.0
21223,Franklintown Road,Greater Rosemont,36379.8,600.0
21223,Mosher,Greater Rosemont,36379.8,600.0
21223,Northwest Community Action,Greater Rosemont,36379.8,600.0
21223,Rosemont,Greater Rosemont,36379.8,600.0
21223,Rosemont Homewoners/Tenants,Greater Rosemont,36379.8,600.0
21223,Winchester,Greater Rosemont,36379.8,600.0
21223,Hollins Market,Poppleton/The Terraces/Hollins Market,20365.8,600.0
21223,Poppleton,Poppleton/The Terraces/Hollins Market,20365.8,600.0
21223,Easterwood,Sandtown-Winchester/Harlem Park,25972.5,600.0
21223,Harlem Park,Sandtown-Winchester/Harlem Park,25972.5,600.0
21223,Midtown-Edmondson,Sandtown-Winchester/Harlem Park,25972.5,600.0
21223,Sandtown-Winchester,Sandtown-Winchester/Harlem Park,25972.5,600.0
21223,Booth-Boyd,Southwest Baltimore,28149.5,600.0
21223,Carrollton Ridge,Southwest Baltimore,28149.5,600.0
21223,Franklin Square,Southwest Baltimore,28149.5,600.0
21223,Millhill,Southwest Baltimore,28149.5,600.0
21223,New Southwest/Mt. Clare,Southwest Baltimore,28149.5,600.0
21223,Penrose/Fayette Street Outreach,Southwest Baltimore,28149.5,600.0
21223,Shipley Hill,Southwest Baltimore,28149.5,600.0
21223,Union Square,Southwest Baltimore,28149.5,600.0
21223,Barre Circle,Washington Village/Pigtown,48273.2,600.0
21223,Caroll-Camden Industrial Area,Washington Village/Pigtown,48273.2,600.0
21223,Carroll Park,Washington Village/Pigtown,48273.2,600.0
21223,Washington Village/Pigtown,Washington Village/Pigtown,48273.2,600.0
21224,Canton,Canton,116911.1,2005.0
21224,Patterson Park,Canton,116911.1,2005.0
21224,Pleasant View Gardens,Orangeville/E. Highlandtown,19374.1,2005.0
21224,Ellwood Park/Monument,Patterson Park North & East,69836.2,2005.0
21224,Patterson Park Neighborhood,Patterson Park North & East,69836.2,2005.0
21224,Patterson Place,Patterson Park North & East,69836.2,2005.0
21224,Canton Industrial Area,Southeastern,36666.3,2005.0
21224,Dundalk Marine Terminal,Southeastern,36666.3,2005.0
21224,Graceland Park,Southeastern,36666.3,2005.0
21224,Holabird Industrial Park,Southeastern,36666.3,2005.0
21224,Medford,Southeastern,36666.3,2005.0
21224,O'Donnell Heights,Southeastern,36666.3,2005.0
21224,Saint Helena,Southeastern,36666.3,2005.0
21224,Spring Garden Industrial Area,Southeastern,36666.3,2005.0
21225,Brooklyn,Brooklyn/Curtis Bay/Hawkins Point,39936.5,705.0
21225,Curtis Bay,Brooklyn/Curtis Bay/Hawkins Point,39936.5,705.0
21225,Curtis Bay Industrial Area,Brooklyn/Curtis Bay/Hawkins Point,39936.5,705.0
21225,Fairfield Area,Brooklyn/Curtis Bay/Hawkins Point,39936.5,705.0
21225,Hawkins Point,Brooklyn/Curtis Bay/Hawkins Point,39936.5,705.0
21225,Cherry Hill,Cherry Hill,25132.3,705.0
21225,Middle Branch/Reedbird Parks,Cherry Hill,25132.3,705.0
21225,Lakeland,Westport/Mt. Winans/Lakeland,36974.4,705.0
21225,Mt. Winans,Westport/Mt. Winans/Lakeland,36974.4,705.0
21225,Westport,Westport/Mt. Winans/Lakeland,36974.4,705.0
21226,Brooklyn,Brooklyn/Curtis Bay/Hawkins Point,39936.5,92.0
21226,Curtis Bay,Brooklyn/Curtis Bay/Hawkins Point,39936.5,92.0
21226,Curtis Bay Industrial Area,Brooklyn/Curtis Bay/Hawkins Point,39936.5,92.0
21226,Fairfield Area,Brooklyn/Curtis Bay/Hawkins Point,39936.5,92.0
21226,Hawkins Point,Brooklyn/Curtis Bay/Hawkins Point,39936.5,92.0
21227,Morrell Park,Morrell Park/Violetville,42993.0,732.0
21227,Oaklee,Morrell Park/Violetville,42993.0,732.0
21227,Saint Agnes,Morrell Park/Violetville,42993.0,732.0
21227,Saint Paul,Morrell Park/Violetville,42993.0,732.0
21227,Violetville,Morrell Park/Violetville,42993.0,732.0
21227,Wilhelm Park,Morrell Park/Violetville,42993.0,732.0
21227,Lakeland,Westport/Mt. Winans/Lakeland,36974.4,732.0
21227,Mt. Winans,Westport/Mt. Winans/Lakeland,36974.4,732.0
21227,Westport,Westport/Mt. Winans/Lakeland,36974.4,732.0
21228,Beechfield,Beechfield/Ten Hills/West Hills,58055.3,1170.0
21228,Hunting Ridge,Beechfield/Ten Hills/West Hills,58055.3,1170.0
21228,Ten Hills,Beechfield/Ten Hills/West Hills,58055.3,1170.0
21228,Tremont,Beechfield/Ten Hills/West Hills,58055.3,1170.0
21228,West Hills,Beechfield/Ten Hills/West Hills,58055.3,1170.0
21228,Westgate,Beechfield/Ten Hills/West Hills,58055.3,1170.0
21229,Allendale,Allendale/Irvington/South Hilton,38535.6,1218.0
21229,Carroll-South Hilton,Allendale/Irvington/South Hilton,38535.6,1218.0
21229,Gwynns Falls,Allendale/Irvington/South Hilton,38535.6,1218.0
21229,Irvington,Allendale/Irvington/South Hilton,38535.6,1218.0
21229,Lower Edmondson Village,Allendale/Irvington/South Hilton,38535.6,1218.0
21229,Saint Josephs,Allendale/Irvington/South Hilton,38535.6,1218.0
21229,Uplands,Allendale/Irvington/South Hilton,38535.6,1218.0
21229,Yale Heights,Allendale/Irvington/South Hilton,38535.6,1218.0
21229,Yale Heights,Baltimore City,48840.0,1218.0
21229,Beechfield,Beechfield/Ten Hills/West Hills,58055.3,1218.0
21229,Hunting Ridge,Beechfield/Ten Hills/West Hills,58055.3,1218.0
21229,Ten Hills,Beechfield/Ten Hills/West Hills,58055.3,1218.0
21229,Tremont,Beechfield/Ten Hills/West Hills,58055.3,1218.0
21229,West Hills,Beechfield/Ten Hills/West Hills,58055.3,1218.0
21229,Westgate,Beechfield/Ten Hills/West Hills,58055.3,1218.0
21229,Edgewood,Edmondson Village,43809.8,1218.0
21229,Edmondson Village,Edmondson Village,43809.8,1218.0
21229,Gwynns Falls/Leakin Park,Edmondson Village,43809.8,1218.0
21229,Rognel Heights,Edmondson Village,43809.8,1218.0
21229,Morrell Park,Morrell Park/Violetville,42993.0,1218.0
21229,Oaklee,Morrell Park/Violetville,42993.0,1218.0
21229,Saint Agnes,Morrell Park/Violetville,42993.0,1218.0
21229,Saint Paul,Morrell Park/Violetville,42993.0,1218.0
21229,Violetville,Morrell Park/Violetville,42993.0,1218.0
21229,Wilhelm Park,Morrell Park/Violetville,42993.0,1218.0
21230,Cherry Hill,Cherry Hill,25132.3,799.0
21230,Middle Branch/Reedbird Parks,Cherry Hill,25132.3,799.0
21230,Downtown West,Inner Harbor/Federal Hill,100932.2,799.0
21230,Federal Hill,Inner Harbor/Federal Hill,100932.2,799.0
21230,Inner Harbor,Inner Harbor/Federal Hill,100932.2,799.0
21230,Otterbein,Inner Harbor/Federal Hill,100932.2,799.0
21230,Ridgely's Delight,Inner Harbor/Federal Hill,100932.2,799.0
21230,Riverside,Inner Harbor/Federal Hill,100932.2,799.0
21230,Sharp-Leadenhall,Inner Harbor/Federal Hill,100932.2,799.0
21230,South Baltimore,Inner Harbor/Federal Hill,100932.2,799.0
21230,Stadium Area,Inner Harbor/Federal Hill,100932.2,799.0
21230,Morrell Park,Morrell Park/Violetville,42993.0,799.0
21230,Oaklee,Morrell Park/Violetville,42993.0,799.0
21230,Saint Agnes,Morrell Park/Violetville,42993.0,799.0
21230,Saint Paul,Morrell Park/Violetville,42993.0,799.0
21230,Violetville,Morrell Park/Violetville,42993.0,799.0
21230,Wilhelm Park,Morrell Park/Violetville,42993.0,799.0
21230,Wilhelm Park,Mount Washington/Coldspring,84848.1,799.0
21230,Locust Point,South Baltimore,114107.3,799.0
21230,Locust Point Industrial Area,South Baltimore,114107.3,799.0
21230,Port Covington,South Baltimore,114107.3,799.0
21230,Barre Circle,Washington Village/Pigtown,48273.2,799.0
21230,Caroll-Camden Industrial Area,Washington Village/Pigtown,48273.2,799.0
21230,Carroll Park,Washington Village/Pigtown,48273.2,799.0
21230,Washington Village/Pigtown,Washington Village/Pigtown,48273.2,799.0
21230,Washington Village/Pigtown,Westport/Mount Winans/Lakeland,36974.4,799.0
21230,Lakeland,Westport/Mt. Winans/Lakeland,36974.4,799.0
21230,Mt. Winans,Westport/Mt. Winans/Lakeland,36974.4,799.0
21230,Westport,Westport/Mt. Winans/Lakeland,36974.4,799.0
21231,Canton,Canton,116911.1,337.0
21231,Patterson Park,Canton,116911.1,337.0
21231,Butcher's Hill,Fells Point,98981.9,337.0
21231,Fells Point,Fells Point,98981.9,337.0
21231,Upper Fells Point,Fells Point,98981.9,337.0
21231,Jonestown,Harbor East/Little Italy,44087.0,337.0
21231,Little Italy,Harbor East/Little Italy,44087.0,337.0
21231,Perkins Homes,Harbor East/Little Italy,44087.0,337.0
21231,Washington Hill,Harbor East/Little Italy,44087.0,337.0
21231,CARE,Oldtown/Middle East,19374.1,337.0
21231,Dunbar-Broadway,Oldtown/Middle East,19374.1,337.0
21231,Gay Street,Oldtown/Middle East,19374.1,337.0
21231,Middle East,Oldtown/Middle East,19374.1,337.0
21231,Oldtown,Oldtown/Middle East,19374.1,337.0
21231,Penn-Fallsway,Oldtown/Middle East,19374.1,337.0
21231,Pleasant View Gardens,Oldtown/Middle East,19374.1,337.0
21231,Ellwood Park/Monument,Patterson Park North & East,69836.2,337.0
21231,Patterson Park Neighborhood,Patterson Park North & East,69836.2,337.0
21231,Patterson Place,Patterson Park North & East,69836.2,337.0
21234,Harford-Echodale/Perring Parkway,Harford/Echodale,56655.8,1453.0
21234,North Harford Road,Harford/Echodale,56655.8,1453.0
21234,Overlea,Harford/Echodale,56655.8,1453.0
21234,Taylor Heights,Harford/Echodale,56655.8,1453.0
21234,Glen Oaks,Loch Raven,52078.0,1453.0
21234,Idlewood,Loch Raven,52078.0,1453.0
21234,Loch Raven,Loch Raven,52078.0,1453.0
21234,Mt. Pleasant Park,Loch Raven,52078.0,1453.0
21234,Ramblewood,Loch Raven,52078.0,1453.0
21234,Woodbourne Heights,Loch Raven,52078.0,1453.0
21236,Harford-Echodale/Perring Parkway,Harford/Echodale,56655.8,692.0
21236,North Harford Road,Harford/Echodale,56655.8,692.0
21236,Overlea,Harford/Echodale,56655.8,692.0
21236,Taylor Heights,Harford/Echodale,56655.8,692.0
21237,Armistead Gardens,Claremont/Armistead,34885.4,856.0
21237,Orchard Ridge,Claremont/Armistead,34885.4,856.0
21237,Pleasant View Gardens,Orangeville/E. Highlandtown,19374.1,856.0
21237,Baltimore Highlands,Orangeville/East Highlandtown,54511.4,856.0
21237,Bayview,Orangeville/East Highlandtown,54511.4,856.0
21237,Eastwood,Orangeville/East Highlandtown,54511.4,856.0
21237,Greektown,Orangeville/East Highlandtown,54511.4,856.0
21237,Hopkins Bayview,Orangeville/East Highlandtown,54511.4,856.0
21237,Kresson,Orangeville/East Highlandtown,54511.4,856.0
21237,Orangeville,Orangeville/East Highlandtown,54511.4,856.0
21237,Orangeville Industrial Area,Orangeville/East Highlandtown,54511.4,856.0
21237,Pulaski Industrial Area,Orangeville/East Highlandtown,54511.4,856.0
21239,Belvedere,Chinquapin Park/Belvedere,55713.7,773.0
21239,Cameron Village,Chinquapin Park/Belvedere,55713.7,773.0
21239,Chinquapin Park,Chinquapin Park/Belvedere,55713.7,773.0
21239,Evesham Park,Chinquapin Park/Belvedere,55713.7,773.0
21239,Lake Walker,Chinquapin Park/Belvedere,55713.7,773.0
21239,Mid-Govans,Chinquapin Park/Belvedere,55713.7,773.0
21239,Glen Oaks,Loch Raven,52078.0,773.0
21239,Idlewood,Loch Raven,52078.0,773.0
21239,Loch Raven,Loch Raven,52078.0,773.0
21239,Mt. Pleasant Park,Loch Raven,52078.0,773.0
21239,Ramblewood,Loch Raven,52078.0,773.0
21239,Woodbourne Heights,Loch Raven,52078.0,773.0
21239,Hillen,Northwood,56197.2,773.0
21239,Montebello,Northwood,56197.2,773.0
21239,Morgan State University,Northwood,56197.2,773.0
21239,New Northwood,Northwood,56197.2,773.0
21239,Original Northwood,Northwood,56197.2,773.0
21239,Perring Loch,Northwood,56197.2,773.0
21239,Stonewood-Pentwood-Winston,Northwood,56197.2,773.0
21251,Hillen,Northwood,56197.2,0.0
21251,Montebello,Northwood,56197.2,0.0
21251,Morgan State University,Northwood,56197.2,0.0
21251,New Northwood,Northwood,56197.2,0.0
21251,Original Northwood,Northwood,56197.2,0.0
21251,Perring Loch,Northwood,56197.2,0.0
21251,Stonewood-Pentwood-Winston,Northwood,56197.2,0.0
21287,CARE,Oldtown/Middle East,19374.1,0.0
21287,Dunbar-Broadway,Oldtown/Middle East,19374.1,0.0
21287,Gay Street,Oldtown/Middle East,19374.1,0.0
21287,Middle East,Oldtown/Middle East,19374.1,0.0
21287,Oldtown,Oldtown/Middle East,19374.1,0.0
21287,Penn-Fallsway,Oldtown/Middle East,19374.1,0.0
21287,Pleasant View Gardens,Oldtown/Middle East,19374.1,0.0
21292,Downtown,Downtown/Seton Hill,57516.7,0.0
21292,Seton Hill,Downtown/Seton Hill,57516.7,0.0
21292,University of Maryland,Downtown/Seton Hill,57516.7,0.0
